Dataset Size,Insert Time (ms),Search Time (ms),Avg Search Time per Word (ms)
1000,1,0.246334,0.000246334
10000,15,0.151625,0.000151625
100000,26,1.475125,0.001475125
370105,93,0.659375,0.000659375
