DatasetSize,InsertTime(ms),InsertMemory(KB),SearchTime(ms),SearchMemory(KB),AvgSearchTimePerWord(ms)
1000,1,338,0.289583,0,0.000289583
10000,1,3806,0.384458,0,0.000384458
100000,28,37926,0.538292,0,0.000538292
370105,92,144586,0.358791,0,0.000358791
